Symbol,Name,Industry,Sector,EPS,P / E,ROE,ROIC,ROA,Interest cover,PEG Ratio,Last,Avg Vol,Volume
TAPARIA.BO,Taparia Tools Ltd,Tools & Accessories,Industrials,77.71,0.14,37.14,53.71,28.32,589,,11.15,,3
0898.HK,Multifield International Holdings Ltd,Real Estate Services,Real Estate,0.23,4.04,2.39,1.28,1.47,2.64,,0.93,36893,20000
0385.HK,Chinney Alliance Group Ltd,Engineering & Construction,Industrials,0.18,2.00,5.16,7.05,1.94,4.10,,0.36,36715,4800
0403.HK,Starlite Holdings Ltd,Packaging & Containers,Consumer Cyclical,0.04,4.65,2.82,2.08,1.95,3.98,,0.186,13811,2000
3699.HK,Everbright Grand China Assets Ltd,Real Estate Services,Real Estate,0.04,8.75,1.77,1.23,1.44,536,,0.35,41905,60000
SWRBY,Swire Pacific Ltd B ADR,Conglomerates,Industrials,12.70,0.55,10.85,2.15,6.32,4.26,,6.9500,1888.24,11208
0087.HK,Swire Pacific Ltd B,Conglomerates,Industrials,19.79,0.55,10.84,2.15,6.32,4.26,,10.94,430752,182500
1292.HK,Changan Minsheng APLL Logistics Co Ltd,Integrated Freight & Logistics,Industrials,0.39,6.18,2.85,3.05,1.08,4.76,0.61,2.41,52238,94000
6173.KL,Bina Darulaman Bhd,Engineering & Construction,Industrials,0.07,4.29,4.20,3.58,2.58,3.59,,0.30,55088,100
POAHY,Porsche Automobil Holding SE ADR,Auto Manufacturers,Consumer Cyclical,1.30,2.98,6.75,6.49,5.97,12.15,0.31,3.8900,349547,181970
2377.HK,China Boqi Environmental (Holding) Co Ltd,Pollution & Treatment Controls,Industrials,0.24,2.88,7.18,7.38,4.43,16.91,,0.69,98188,147631
6838.HK,Winox Holdings Ltd,Luxury Goods,Consumer Cyclical,0.07,4.86,4.56,4.71,3.82,11.59,,0.34,80552,86000
0050.HK,Hong Kong Ferry (Holdings) Co Ltd,Real Estate - Diversified,Real Estate,0.53,7.81,2.73,2.27,2.60,385,0.56,4.14,53742,32000
1522.HK,BII Railway Transportation Technology Holdings Co Ltd,Information Technology Services,Technology,0.09,3.00,6.88,6.34,4.04,19.93,0.16,0.27,682856,8000
3944.T,Furubayashi Shiko Co Ltd,Packaging & Containers,Consumer Cyclical,244,7.43,3.13,0.95,1.42,10.76,,1820.00,700,200
GRRLF,Grange Resources Ltd,Steel,Basic Materials,0.06,2.23,10.56,9.30,8.81,38.93,0.10,0.1339,28745,3150
WEGE.JK,Wijaya Karya Bangunan Gedung,Engineering & Construction,Industrials,7.56,7.94,2.82,5.65,1.38,4.75,,60.00,3145672,1156000
1538.HK,Zhong Ao Home Group Ltd,Real Estate Services,Real Estate,0.10,3.00,8.43,10.53,4.02,49.76,,0.30,409331,608000
0887.HK,Emperor Watch & Jewellery Ltd,Luxury Goods,Consumer Cyclical,0.04,4.30,5.87,6.50,5.21,20.16,0.30,0.172,2546199,840000
6830.HK,Huazhong In-Vehicle Holdings Co Ltd,Auto Parts,Consumer Cyclical,0.02,9.95,3.07,3.42,1.23,3.08,,0.199,737043,190000
5020.KL,Glomac Bhd,Real Estate - Diversified,Real Estate,0.04,9.75,2.53,1.74,1.57,2.05,3.05,0.39,140310,16000
9962.KL,Gromutual Bhd,Real Estate - Diversified,Real Estate,0.03,9.00,2.87,1.78,2.25,8.35,0.95,0.27,48947,19000
0320.HK,Computime Group Ltd,Consumer Electronics,Technology,0.09,4.44,5.63,7.52,2.76,2.26,0.27,0.40,237430,500000
BGUUF,Benguet Corp B,Gold,Basic Materials,0.01,6.00,4.71,4.53,3.86,189,0.12,0.0600,,11340
CHKGF,CK Asset Holdings Ltd,Real Estate - Development,Real Estate,0.57,6.49,4.05,2.12,3.15,5.98,,4.6500,9122.48,4173
C9Q.SI,Sinostar PEC Holdings Ltd,Oil & Gas E&P,Energy,0.05,2.46,10.73,12.88,6.37,13.50,0.10,0.123,73827,9600
0771.HK,Automated Systems Holdings Ltd,Information Technology Services,Technology,0.09,7.56,3.62,2.68,2.49,43.53,1.45,0.68,111790,406000
BCCMY,BAIC Motor Corp Ltd ADR,Auto Manufacturers,Consumer Cyclical,0.37,7.22,3.73,13.71,1.25,49.97,6.53,2.6700,657.4,139
GRR.AX,Grange Resources Ltd,Steel,Basic Materials,0.09,2.67,10.56,9.30,8.81,38.84,0.12,0.232,1305812,639042
MGAWY,MegaWorld Corp ADR,Real Estate - Development,Real Estate,2.07,3.09,8.16,5.74,4.24,7.65,1.58,6.4000,829.29,780
BMCLF,BAIC Motor Corp Ltd,Auto Manufacturers,Consumer Cyclical,0.04,7.00,3.73,13.71,1.25,49.97,6.93,0.2800,13945,10000
3813.HK,Pou Sheng International Holdings Ltd,Footwear & Accessories,Consumer Cyclical,0.11,4.55,6.08,6.39,3.95,10.06,3.53,0.50,535329,83000
0560.HK,Chu Kong Shipping Enterprises (Group) Co Ltd,Marine Shipping,Industrials,0.11,6.91,3.89,2.36,2.70,3.97,,0.76,177804,14000
7219.T,HKS Co Ltd,Auto Parts,Consumer Cyclical,246,8.15,3.45,2.68,2.60,124,0.89,2015.00,871.43,200
1958.HK,BAIC Motor Corp Ltd,Auto Manufacturers,Consumer Cyclical,0.29,7.55,3.72,13.70,1.25,49.97,6.92,2.19,10513794,1219280
2298.HK,Cosmo Lady (China) Holdings Co Ltd,Apparel Manufacturing,Consumer Cyclical,0.05,5.30,5.01,4.13,2.65,4.45,,0.265,646098,189000
MSRS.ME,Rosseti Moscow Region,Utilities - Regulated Electric,Utilities,0.48,2.65,10.90,6.10,5.71,16.08,0.32,1.26,12159675,8828570
CNGKY,CK Asset Holdings Ltd ADR,Real Estate - Development,Real Estate,1.13,7.08,4.05,2.12,3.15,5.98,,8.4500,6864.19,62705
3838.HK,China Starch Holdings Ltd,Packaged Foods,Consumer Defensive,0.06,3.25,9.77,11.38,6.86,84.72,0.29,0.195,6459580,4215000
1023.HK,Sitoy Group Holdings Ltd,Footwear & Accessories,Consumer Cyclical,0.10,5.30,5.69,7.31,4.80,62.64,,0.53,431859,455000
0057.HK,Chen Hsong Holdings Ltd,Specialty Industrial Machinery,Industrials,0.18,7.56,3.81,1.87,2.79,53.64,37.98,1.36,140380,40000
2B5.VI,BAIC Motor Corp Ltd,Auto Manufacturers,Consumer Cyclical,0.04,6.70,3.75,13.72,1.26,49.98,7.13,0.268,35.71,0
GPRA.JK,Perdana Gapura Prima,Real Estate - Development,Real Estate,22.56,3.72,7.88,9.42,4.97,4.30,0.57,84.00,2482914,3367800
1113.HK,CK Asset Holdings Ltd,Real Estate - Development,Real Estate,4.42,7.34,4.04,2.12,3.14,5.98,,32.45,4404774,2663943
0071.HK,Miramar Hotel & Investment Co Ltd,Real Estate Services,Real Estate,1.40,6.28,4.75,5.40,4.41,462,,8.79,94185,18000
1460.HK,ICO Group Ltd,Information Technology Services,Technology,0.03,6.47,4.46,9.52,2.65,27.78,,0.194,49359,28800
IRAO.ME,INTER RAO UES,Utilities - Regulated Electric,Utilities,1.81,2.04,15.63,19.28,11.19,12.15,0.10,3.70,123816888,102378656
3382.HK,Tianjin Port Development Holdings Ltd,Marine Shipping,Industrials,0.11,6.09,4.99,3.98,1.66,6.41,1.76,0.67,1506458,726000
ALEXA.PA,Exacompta-Clairefontaine S.A.,Business Equipment & Supplies,Industrials,18.91,7.88,4.17,4.35,2.25,12.30,0.43,140.00,35.52,2
2779.HK,China Xinhua Education Group Ltd,Education & Training Services,Consumer Defensive,0.22,3.36,9.73,8.04,7.84,23.11,1.72,0.74,352518,242000
93M1.DE,MPH Health Care AG,Asset Management,Financial Services,27.90,0.82,45.81,2.21,43.14,5.89,,23.20,479.67,211
9873.KL,Prestar Resources Bhd,Steel,Basic Materials,0.05,7.60,3.87,2.53,2.92,3.03,0.87,0.375,62569,3600
1743.T,Koatsu Kogyo Co Ltd,Engineering & Construction,Industrials,261,4.68,6.25,4.82,3.94,114,2.19,1210.00,1466.67,500
2317.HK,Vedan International (Holdings) Ltd,Packaged Foods,Consumer Defensive,0.09,5.28,5.70,5.47,4.35,11.07,,0.475,50097,96000
5075.KL,Plenitude Bhd,Real Estate - Development,Real Estate,0.16,9.19,3.58,3.04,2.46,3.93,0.01,1.47,63757,15000
0833.HK,Alltronics Holdings Ltd,Electronic Components,Technology,0.20,2.25,14.31,18.82,7.63,6.04,,0.45,103618,128000
MICE.JK,Multi Indocitra,Household & Personal Products,Consumer Defensive,64.50,7.50,4.34,6.09,2.88,3.50,0.73,484.00,57661,67200
3439.T,Mitsuchi Corp,Auto Parts,Consumer Cyclical,82.83,8.25,4.36,2.73,2.52,20.49,2.13,673.00,1300,600
1508.HK,China Reinsurance (Group) Corp,Insurance - Reinsurance,Financial Services,0.23,3.52,9.89,2.61,2.02,6.05,,0.81,14452738,2492234
1718.T,Mikikogyo Co Ltd,Engineering & Construction,Industrials,643,7.37,4.59,2.91,2.31,35.41,,4740.00,2547.62,500
1358.HK,PW Medtech Group Ltd,Medical Instruments & Supplies,Healthcare,0.10,9.20,3.78,4.07,2.95,777,0.81,0.92,698049,118000
CLIQ.DE,Cliq Digital AG,Entertainment,Communication Services,2.50,2.19,17.12,14.13,11.08,112,0.03,5.48,15761,7808
5997.T,Kyoritsu Air Tech Inc,Building Products & Equipment,Industrials,101,5.97,5.80,4.79,3.31,93.93,,603.00,4485.71,12300
1045.HK,ASatellite Holdings Ltd,Telecom Services,Communication Services,0.24,9.04,3.67,3.68,3.15,38.61,,2.17,167432,38000
0032.HK,Cross-Harbour (Holdings) Ltd,Education & Training Services,Consumer Defensive,0.76,8.75,4.59,5.42,3.91,16.38,,6.65,21265,2650
POPR.MI,Poligrafici Printing S.p.A.,Publishing,Communication Services,0.04,8.85,3.59,2.98,2.32,6.38,48.92,0.342,13524,12000
AKW.PA,AKWEL S.A.,Auto Parts,Consumer Cyclical,1.38,5.80,6.07,6.58,4.17,31.57,,7.98,12937,2440
6114.KL,MKH Bhd,Real Estate - Development,Real Estate,0.13,8.54,3.99,4.63,2.18,6.12,,1.11,174690,45400
MZDAF,Mazda Motor Corp,Auto Manufacturers,Consumer Cyclical,1.38,4.99,7.86,5.89,3.58,24.48,0.21,7.0000,1488.9,2000
MZDAY,Mazda Motor Corp ADR,Auto Manufacturers,Consumer Cyclical,0.69,4.88,7.86,5.89,3.58,24.48,0.21,3.3601,202888,60626
3954.T,Showa Paxxs Corp,Packaging & Containers,Consumer Cyclical,290,6.29,5.74,4.30,3.94,117,,1824.00,1547.62,100
CYD,China Yuchai International Ltd,Auto Manufacturers,Consumer Cyclical,1.17,9.36,3.71,,1.36,5.03,,10.95,38516,3776
CYD.IX,China Yuchai International Ltd,Auto Manufacturers,Consumer Cyclical,1.17,9.36,3.71,,1.36,5.03,,10.95,34730,2396
1480.HK,Yan Tat Group Holdings Ltd,Electronic Components,Technology,0.27,3.96,9.21,10.98,6.09,81.68,1.30,1.07,77904,38000
KIRANVYPAR.BO,Kiran Vyapar Ltd,Capital Markets,Financial Services,30.70,7.88,4.65,3.99,3.98,18.05,0.23,241.85,8877.33,3676
DVL.NS,Dhunseri Ventures Ltd,Capital Markets,Financial Services,49.83,6.89,5.83,1.48,4.40,2.10,,343.25,20776,3495
IRC.MI,IRCE S.p.A.,Electrical Equipment & Parts,Industrials,0.33,6.52,5.73,4.73,3.31,3.66,0.53,2.09,5676.29,4402
BISI.L,Bisichi Plc,Thermal Coal,Energy,24.53,4.28,7.89,5.59,4.26,2.20,,107.45,3383.38,12
THS.L,Tharisa Plc,Other Precious Metals & Mining,Basic Materials,22.00,2.77,12.89,9.02,7.51,14.02,0.11,58.00,114567,78328
0116.HK,Chow Sang Sang Holdings International Ltd,Luxury Goods,Consumer Cyclical,1.08,6.10,5.84,5.04,3.75,7.93,1.35,6.59,351085,51500
7528.KL,DKLS Industries Bhd,Engineering & Construction,Industrials,0.38,4.74,7.84,14.87,6.85,23.08,0.63,1.80,5371.43,7600
0922.HK,Anxian Yuan China Holdings Ltd,Personal Services,Consumer Cyclical,0.02,7.60,5.27,5.34,3.83,198,,0.152,676017,140000
A26.SI,Sinarmas Land Ltd,Real Estate - Development,Real Estate,0.06,4.92,7.44,8.12,3.14,3.68,1.00,0.295,263274,99400
DVL.BO,Dhunseri Ventures Ltd,Capital Markets,Financial Services,49.81,6.88,5.83,1.48,4.40,2.10,,342.55,2454.19,178
TUGU.JK,Asuransi Tugu Pratama Indonesia,Insurance - Diversified,Financial Services,211,4.79,7.80,3.38,2.84,32.46,0.20,1010.00,1586070,936700
5970.T,G-Tekt Corp,Auto Parts,Consumer Cyclical,260,6.55,6.02,5.49,3.73,19.10,3.64,1714.00,132267,69600
42L.SI,Taka Jewellery Holdings Ltd,Luxury Goods,Consumer Cyclical,0.02,4.40,8.28,7.47,5.06,5.29,,0.088,16773,27000
7261.T,Mazda Motor Corp,Auto Manufacturers,Consumer Cyclical,214,4.95,7.98,5.86,3.64,24.39,0.22,1058.00,6811850,2646600
3315.HK,Goldpac Group Ltd,Software - Infrastructure,Technology,0.12,8.50,4.32,5.85,3.31,4.54,,1.02,255397,9000
1058.KL,Manulife Holdings Bhd,Insurance - Life,Financial Services,0.52,4.69,8.79,2.06,1.54,2079,0.27,2.55,68795,486300
4116.T,Dainichiseika Color & Chemicals Mfg. Co Ltd,Specialty Chemicals,Basic Materials,535,5.40,7.74,3.18,4.65,23.94,6.64,2852.00,34276,7200
0716.HK,Singamas Container Holdings Ltd,Packaging & Containers,Consumer Cyclical,0.09,7.89,4.73,3.37,3.39,26.71,,0.71,2257035,1104000
7435.T,Nadex Co Ltd,Specialty Industrial Machinery,Industrials,96.93,9.07,4.60,3.05,2.86,116,2.40,877.00,3871.43,2200
3326.HK,Perfect Group International Holdings Ltd,Luxury Goods,Consumer Cyclical,0.03,6.17,5.40,5.20,4.14,22.33,,0.185,73432,36000
ISSP.JK,Steel Pipe Industry of Indonesia,Steel,Basic Materials,69.71,3.87,10.52,9.97,6.34,8.36,0.16,270.00,574104,692700
7083.KL,Analabs Resources Bhd,Specialty Chemicals,Basic Materials,0.31,5.68,8.00,3.73,5.15,3.24,0.19,1.76,25714,2000
6748.T,Seiwa Electric Mfg. Co Ltd,Electrical Equipment & Parts,Industrials,72.97,6.74,6.17,4.15,3.53,37.30,0.09,502.00,21705,11900
SDG.L,Sanderson Design Group Plc,Furnishings Fixtures & Appliances,Consumer Cyclical,6.00,8.61,5.26,4.58,4.06,22.84,0.54,55.00,305189,126580
5242.KL,Solid Automotive Bhd,Auto Parts,Consumer Cyclical,0.07,2.64,17.46,20.51,12.23,16.66,0.06,0.185,279237,38800
4243.T,Nix Inc,Specialty Chemicals,Basic Materials,78.47,9.26,2.22,4.65,1.61,224,1.11,725.00,1033.33,200
NMM,Navios Maritime Partners LP,Marine Shipping,Industrials,13.17,3.20,14.25,8.46,7.69,3.58,0.06,42.17,133182,122367
NMM.IX,Navios Maritime Partners LP,Marine Shipping,Industrials,13.17,3.20,14.25,8.46,7.69,3.58,0.06,42.17,116835,113162
SRSN.JK,Indo Acidatama,Chemicals,Basic Materials,5.12,9.77,4.31,4.94,3.10,4.07,3.60,50.00,353218,297700
6769.KL,JKG Land Bhd,Real Estate - Development,Real Estate,0.02,5.25,7.58,7.31,5.09,6.06,0.19,0.105,500025,40000
4976.T,Toyo Drilube Co Ltd,Specialty Chemicals,Basic Materials,466,6.85,6.67,7.93,5.33,192,0.84,3330.00,1580.95,700
TOMA.PR,Toma a.s.,Conglomerates,Industrials,281,4.81,7.96,2.87,6.13,5.51,0.64,1350.00,80.86,14
5440.T,Kyoei Steel Ltd,Steel,Basic Materials,254,7.89,5.67,4.08,3.13,5.62,0.76,1999.00,96424,55000
STARPAPER.NS,Star Paper Mills Ltd,Paper & Paper Products,Basic Materials,36.83,5.15,8.91,5.51,7.25,35.62,0.52,189.58,32905,6636
JKON.JK,Jaya Konstruksi Manggala Pratama,Conglomerates,Industrials,14.49,5.52,7.90,5.19,5.44,10.83,,80.00,4888446,2875200
0623.HK,SinoMedia Holding Ltd,Advertising Agencies,Communication Services,0.20,8.50,5.08,6.17,4.34,2031,3.21,1.70,2475618,6156000
9385.KL,Lay Hong Bhd,Farm Products,Consumer Defensive,0.15,2.30,22.97,15.81,11.92,13.81,0.08,0.345,1350207,1167100
STARPAPER.BO,Star Paper Mills Ltd,Paper & Paper Products,Basic Materials,36.83,5.14,8.91,5.51,7.25,35.62,0.53,189.25,15900,220
7207.KL,Success Transformer Corp Bhd,Electrical Equipment & Parts,Industrials,0.08,8.75,5.25,20.39,4.38,100,2.91,0.695,236252,30500
DAC,Danaos Corp,Marine Shipping,Industrials,28.89,2.74,17.95,15.71,14.61,27.15,0.12,79.23,103864,82301
DAC.IX,Danaos Corp,Marine Shipping,Industrials,28.89,2.74,17.95,15.71,14.61,27.15,0.12,79.23,79370,57881
JELCF,Johnson Electric Holdings Ltd,Auto Parts,Consumer Cyclical,0.26,4.96,9.38,9.05,5.82,7.29,,1.2900,,100
3553.T,Kyowa Leather Cloth Co Ltd,Chemicals,Basic Materials,76.68,9.02,5.19,6.12,3.18,163,7.83,698.00,57490,35400
3042.KL,Petron Malaysia Refining & Marketing Bhd,Oil & Gas Refining & Marketing,Energy,0.48,8.69,5.30,2.71,2.68,2.92,0.60,4.17,28410,3500
6336.T,Ishii Hyoki Co Ltd,Specialty Industrial Machinery,Industrials,79.80,6.43,7.40,6.99,3.94,24.15,0.33,512.00,6880.95,1000
0240.HK,Build King Holdings Ltd,Engineering & Construction,Industrials,0.30,3.07,15.94,9.29,4.71,23.92,0.71,0.92,173329,50000
5080.KL,Poh Kong Holdings Bhd,Luxury Goods,Consumer Cyclical,0.29,3.52,14.21,12.31,10.91,19.23,0.12,1.02,269333,603300
ALCOF.PA,Cofidur S.A.,Electronic Components,Technology,58.94,5.60,8.43,2.95,3.58,11.01,,332.00,17.33,3
SRTG.JK,Saratoga Investama Sedaya,Asset Management,Financial Services,414,4.63,11.59,11.37,10.92,51.15,,1915.00,12640835,10098800
0179.HK,Johnson Electric Holdings Ltd,Auto Parts,Consumer Cyclical,2.00,5.15,9.37,9.04,5.81,7.29,,10.30,590302,125688
1612.HK,Vincent Medical Holdings Ltd,Medical Devices,Healthcare,0.10,4.10,11.89,13.55,8.42,49.32,2.72,0.41,195819,12000
JEHLY,Johnson Electric Holdings Ltd ADR,Auto Parts,Consumer Cyclical,2.56,5.24,9.38,9.05,5.82,7.29,,13.4150,613.67,164
0722.HK,UMP Healthcare Holdings Ltd,Medical Care Facilities,Healthcare,0.05,8.70,5.57,10.68,3.61,13.74,0.54,0.435,53723,40000
7250.T,Pacific Industrial Co Ltd,Auto Parts,Consumer Cyclical,325,4.29,9.24,3.44,5.24,35.31,0.57,1544.00,91952,380600
1899.T,Fukuda Corp,Engineering & Construction,Industrials,615,8.13,6.32,8.44,3.59,303,,4970.00,14367,4400
9312.T,Keihin Co Ltd,Integrated Freight & Logistics,Industrials,324,6.22,7.67,4.68,4.31,44.45,0.91,2083.00,14838,10600
3943.T,Ohishi Sangyo Co Ltd,Packaging & Containers,Consumer Cyclical,116,9.79,5.12,3.88,3.49,37.79,2.01,1145.00,7466.67,15900
MRKP.ME,Rosseti Centre & Volga Region,Utilities - Regulated Electric,Utilities,0.12,2.98,17.15,9.63,8.89,5.20,0.30,0.3695,77264360,59651920
G0I.SI,Nam Lee Pressed Metal Industries Ltd,Metal Fabrication,Industrials,0.05,6.80,7.75,7.15,5.51,8.03,,0.350,368575,646600
VINDHYATEL.NS,Vindhya Telelinks Ltd,Engineering & Construction,Industrials,195,8.65,5.83,3.09,3.42,3.19,,1684.50,14825,6525
1724.T,Synclayer Inc,Communication Equipment,Technology,97.17,6.31,8.04,5.19,4.40,77.86,,616.00,7700,300
7246.T,Press Kogyo Co Ltd,Auto Parts,Consumer Cyclical,70.10,8.09,6.55,6.61,3.73,29.84,1.06,567.00,296541,115600
PARXF,Parex Resources Inc,Oil & Gas E&P,Energy,2.54,3.76,13.63,15.74,11.31,209,0.19,9.5400,17704,76174
BPF.SI,YHI International Ltd,Auto Parts,Consumer Cyclical,0.05,9.60,4.84,2.73,3.43,3.49,3.85,0.480,8119.05,2500
GDL.TO,Goodfellow Inc,Lumber & Wood Production,Basic Materials,1.54,8.00,6.69,6.67,4.76,12.39,0.20,12.30,3948.86,3925
2348.HK,Dawnrays Pharmaceutical (Holdings) Ltd,Drug Manufacturers - Specialty & Generic,Healthcare,0.40,3.00,18.76,15.08,14.93,114,0.82,1.20,169096,24000
4246.T,DaikyoNishikawa Corp,Auto Parts,Consumer Cyclical,85.58,7.47,7.46,6.57,3.67,6.86,,634.00,95467,30200
3983.HK,China BlueChemical Ltd,Agricultural Inputs,Basic Materials,0.32,6.81,7.50,10.46,5.61,25.91,1.28,2.18,3299952,1466076
VALUE.AS,Value8 N.V.,Asset Management,Financial Services,1.28,4.53,12.82,15.69,11.49,21.49,,5.80,3372.33,4123
VINDHYATEL.BO,Vindhya Telelinks Ltd,Engineering & Construction,Industrials,195,8.71,5.83,3.09,3.42,3.19,,1697.50,1674.38,1094
8273.KL,Public Packages Holdings Bhd,Packaging & Containers,Consumer Cyclical,0.20,3.95,13.11,18.67,11.98,77.71,0.33,0.80,253074,63100
APEMY,Aperam S.A. ADR,Steel,Basic Materials,4.13,6.54,8.68,-13.08,5.37,3.49,0.85,27.0000,607.86,100
5191.KL,Tambun Indah Land Bhd,Real Estate - Diversified,Real Estate,0.11,8.27,6.22,6.53,5.33,17.72,28.24,0.91,85638,79300
7162.KL,Astino Bhd,Building Materials,Basic Materials,0.07,8.64,6.44,6.35,5.82,48.00,1.41,0.605,134090,2200
5199.KL,Hibiscus Petroleum Bhd,Oil & Gas E&P,Energy,0.49,3.76,13.33,19.19,6.12,11.93,0.11,1.84,1931004,846800
CMHHY,China Merchants Ports Holdings Co Ltd ADR,Marine Shipping,Industrials,2.25,7.42,7.18,2.28,4.33,2.31,6.15,16.7000,279,433
0144.HK,China Merchants Port Holdings Co Ltd,Marine Shipping,Industrials,1.76,7.45,7.17,2.27,4.33,2.31,6.13,13.12,2706108,512290
6459.KL,MNRB Holdings Bhd,Insurance - Reinsurance,Financial Services,0.69,3.17,17.07,4.58,4.18,21.52,0.27,2.20,366097,188500
3443.T,Kawada Technologies Inc,Engineering & Construction,Industrials,576,4.74,12.38,6.57,6.14,25.52,2.66,2696.00,47271,26500
6150.T,Takeda Machinery Co Ltd,Metal Fabrication,Industrials,432,6.84,8.63,7.64,5.56,43.04,,2967.00,1690.48,100
PXT.TO,Parex Resources Inc,Oil & Gas E&P,Energy,3.66,3.79,13.56,15.63,11.26,208,0.21,13.85,466626,310042
0746.HK,Lee & Man Chemical Co Ltd,Chemicals,Basic Materials,0.65,6.18,9.29,8.86,7.64,22.66,,4.02,249996,400000
7439.KL,Teck Guan Perdana Bhd,Packaged Foods,Consumer Defensive,0.23,7.04,7.83,8.34,5.19,7.84,0.22,1.62,20533,20300
1556.HK,Chinney Kin Wing Holdings Ltd,Engineering & Construction,Industrials,0.09,3.22,18.82,16.91,7.53,400,0.29,0.29,333615,10000
LTLS.JK,Lautan Luas,Specialty Chemicals,Basic Materials,171,5.82,9.55,7.49,4.56,4.80,,1010.00,216106,135100
DCOHF,Dickson Concepts (International) Ltd,Luxury Goods,Consumer Cyclical,0.09,7.00,7.43,13.84,4.96,4.79,,0.6301,2953.5,1000
7425.T,Hatsuho Shouji Co Ltd,Steel,Basic Materials,296,5.05,11.36,9.88,4.53,320,0.16,1550.00,3923.81,2800
0113.HK,Dickson Concepts (International) Ltd,Luxury Goods,Consumer Cyclical,0.67,7.34,7.42,13.82,4.95,4.78,,4.92,283181,11500
APAM.MC,Aperam S.A.,Steel,Basic Materials,3.95,6.81,8.57,-12.27,5.30,3.44,0.92,26.84,2255.33,723
APAM.VI,Aperam S.A.,Steel,Basic Materials,3.95,6.82,8.57,-12.27,5.30,3.44,0.92,26.86,0,0
APAM.AS,Aperam S.A.,Steel,Basic Materials,3.95,6.78,8.57,-12.27,5.30,3.44,0.92,26.74,162696,199238
3355.T,Kuriyama Holdings Corp,Industrial Distribution,Industrials,210,6.04,10.02,5.39,5.97,17.98,0.57,1255.00,18995,6100
E4I.DE,Multitude AG,Credit Services,Financial Services,0.51,9.31,8.98,16.73,1.72,4.85,0.12,4.75,9032.29,2573
4611.T,Dai Nippon Toryo Co Ltd,Specialty Chemicals,Basic Materials,187,6.36,9.28,4.43,5.38,61.97,3.27,1194.00,37443,32400
DBMBF,Macquarie Mexico Real Estate Management S.A. de C.V.,REIT - Industrial,Real Estate,0.63,2.47,26.41,5.60,17.80,3.15,0.10,1.6720,6563.52,3401
1827.T,Nakano Corp,Engineering & Construction,Industrials,107,6.31,9.32,8.82,4.69,266,,719.00,123829,167400
AWI.SI,Thakral Corp Ltd,Specialty Retail,Consumer Cyclical,0.09,7.44,7.66,3.19,3.38,3.24,0.72,0.670,77662,1000
5018.T,Moresco Corp,Specialty Chemicals,Basic Materials,140,9.17,6.35,3.65,3.56,28.50,,1289.00,31443,15400
7244.T,Ichikoh Industries Ltd,Auto Parts,Consumer Cyclical,50.93,8.03,7.56,3.53,3.88,31.88,,404.00,51233,16000
SFSHF,Safestore Holdings Plc,REIT - Industrial,Real Estate,2.12,3.58,18.32,4.02,12.04,5.21,0.97,7.9040,963.05,192
WEHB.BR,Wereldhave Belgium C.V.A. S.C.A.,REIT - Retail,Real Estate,8.50,5.61,10.82,4.52,7.38,3.03,,47.80,1844.14,3882
CLPI.JK,Colorpak Indonesia,Specialty Chemicals,Basic Materials,173,6.08,9.61,13.00,6.67,13.27,0.80,1060.00,67645,162200
PWO.DE,PWO AG,Auto Parts,Consumer Cyclical,4.12,6.99,8.13,6.20,2.98,2.65,1.11,29.00,1719.33,150
WWIB.OL,Wilhelm Wilhelmsen Holding ASA Series B,Marine Shipping,Industrials,124,3.14,18.26,2.36,12.06,2.49,,393.00,5708.67,1103
3369.HK,Qinhuangdao Port Co Ltd,Marine Shipping,Industrials,0.30,6.87,8.55,4.87,5.58,7.75,1.46,2.06,1144898,27000
7077.KL,Kerjaya Prospek Property Bhd,Real Estate - Development,Real Estate,0.08,7.69,8.48,6.31,5.44,156,,0.625,69878,110000
LIMAF,Linamar Corp,Auto Parts,Consumer Cyclical,6.71,5.80,10.86,9.40,5.62,7.81,2.29,38.8500,15846,139242
5026.KL,MHC Plantations Bhd,Farm Products,Consumer Defensive,0.14,7.07,8.47,6.47,3.71,21.68,0.34,0.985,83543,255600
7034.KL,Thong Guan Industries Bhd,Packaging & Containers,Consumer Cyclical,0.17,8.41,7.29,9.05,4.98,10.00,0.81,1.42,276552,99900
G92.SI,China Aviation Oil (Singapore) Corp Ltd,Oil & Gas Refining & Marketing,Energy,0.13,6.88,8.70,4.83,4.21,54.56,,0.900,336456,176300
ENRGA.PR,Energoaqua a.s.,Utilities - Diversified,Utilities,500,6.41,9.58,6.91,8.12,1242,0.95,3200.00,15.9,20
9199.KL,Lysaght Galvanized Steel Bhd,Steel,Basic Materials,0.35,7.40,7.95,12.43,7.58,446,0.91,2.59,9323.81,11000
0869.HK,Playmates Toys Ltd,Leisure,Consumer Cyclical,0.19,3.21,20.15,62.67,15.68,155,,0.61,342136,64000
200512.SZ,Tsann Kuen (China) Enterprise Co Ltd B,Furnishings Fixtures & Appliances,Consumer Cyclical,0.45,8.58,7.39,7.96,3.07,4.25,0.41,3.86,234896,97800
ELFIF,E-L Financial Corp Ltd,Insurance - Life,Financial Services,332,2.98,24.15,7.94,6.96,120,,988.7399,170.67,30
MFEA.MC,MFE-Mediaforeurope N.V.,Broadcasting,Communication Services,0.42,7.20,8.28,5.56,4.64,10.72,,2.96,2897.29,1000
ADOOY,Alamtri Resources Indonesia ADR,Thermal Coal,Energy,2.61,2.84,22.72,22.53,15.29,25.52,0.06,7.1000,5273,1222
IBG.MC,Iberpapel Gestion S.A.,Paper & Paper Products,Basic Materials,2.57,7.24,8.50,19.09,6.98,234,0.68,18.40,4043.86,4196
O08.SI,Ossia International Ltd,Apparel Retail,Consumer Cyclical,0.03,4.53,14.03,3.96,12.09,31.85,0.37,0.136,28591,3000
ASGR.JK,Astra Graphia,Specialty Business Services,Industrials,124,6.77,9.16,13.33,6.32,38.70,,840.00,415004,248400
0146.HK,Tai Ping Carpets International Ltd,Textile Manufacturing,Consumer Cyclical,0.20,6.50,9.55,6.81,5.20,11.27,,1.30,177238,107000
200581.SZ,Weifu High-Technology Group Co Ltd B,Auto Parts,Consumer Cyclical,1.97,6.64,9.26,3.71,6.44,22.69,,13.08,224861,282612
5CF.SI,OKP Holdings Ltd,Engineering & Construction,Industrials,0.07,4.93,12.92,14.23,8.13,12.51,0.18,0.345,47476,83400
MAGN.ME,Magnitogorsk Iron & Steel Works,Steel,Basic Materials,10.59,3.31,19.82,20.24,14.39,24.86,0.31,35.09,34536992,38291480
MFEA.MI,MFE-MediaForEurope N.V. Cl A,Broadcasting,Communication Services,0.41,7.66,8.28,5.56,4.64,10.72,,3.14,463014,1656678
ADRO.JK,Alamtri Resources Indonesia,Thermal Coal,Energy,851,2.74,22.69,22.50,15.27,25.52,0.06,2330.00,59190016,28462100
SAFE.L,Safestore Holdings Plc,REIT - Industrial,Real Estate,170,3.61,18.00,3.96,11.84,5.21,0.96,616.50,720356,419165
RALS.JK,Ramayana Lestari Sentosa,Department Stores,Consumer Cyclical,50.30,7.24,8.38,8.21,6.25,6.21,1.76,364.00,2621884,2284000
WWI.OL,Wilhelm Wilhelmsen Holding ASA,Marine Shipping,Industrials,124,3.30,18.26,2.36,12.06,2.49,,412.00,20184,16503
S56.SI,Samudera Shipping Line Ltd,Marine Shipping,Industrials,0.14,5.89,10.25,10.12,6.34,3.99,0.07,0.825,426939,83900
ELF.TO,E-L Financial Corp Ltd,Insurance - Life,Financial Services,479,2.97,24.11,7.93,6.95,119,,1400.75,685.81,966
T12.SI,Tat Seng Packaging Group Ltd,Packaging & Containers,Consumer Cyclical,0.13,6.00,10.71,10.89,6.60,21.54,2.25,0.795,13610,42200
CAI.MI,Cairo Communication S.p.A.,Publishing,Communication Services,0.33,7.74,8.20,5.12,3.42,5.82,,2.55,168725,122395
AEP.L,Anglo-Eastern Plantations Plc,Farm Products,Consumer Defensive,120,5.65,12.68,14.63,10.72,1096,0.20,676.00,11549,8464
GGB,Gerdau S/A ADR,Steel,Basic Materials,0.39,7.46,9.15,8.32,6.10,8.54,0.23,2.91,8294388,18296672
GGB.IX,Gerdau S/A ADR,Steel,Basic Materials,0.39,7.46,9.15,8.32,6.10,8.54,0.23,2.91,8022105,18070316
ASRM.JK,Asuransi Ramayana,Insurance - Property & Casualty,Financial Services,64.51,5.24,11.48,5.64,4.24,15.78,2.34,340.00,29219,5300
MTLA.JK,Metropolitan Land,Real Estate Services,Real Estate,56.28,7.04,9.93,9.89,6.54,189,,396.00,276759,25100
0590.HK,Luk Fook Holdings International Ltd,Luxury Goods,Consumer Cyclical,2.14,6.68,9.80,9.59,7.57,22.52,1.07,14.30,537767,422000
1627.HK,Able Engineering Holdings Ltd,Engineering & Construction,Industrials,0.12,4.33,15.45,8.43,4.67,6.97,0.17,0.52,102130,24000
AEPLF,Anglo-Eastern Plantations Plc,Farm Products,Consumer Defensive,1.49,5.50,12.69,14.65,10.73,1112,0.20,8.2000,3641.11,1200
1702.HK,Dongguang Chemical Ltd,Chemicals,Basic Materials,0.36,5.53,12.04,17.55,10.45,145,2.24,1.99,,20000
1997.T,Akatsuki Eazima Co Ltd,Engineering & Construction,Industrials,276,8.17,8.55,11.78,5.67,85.66,,2241.00,2547.62,200
AIAGY,Aurubis AG ADR,Metal Fabrication,Industrials,4.98,7.40,9.57,6.53,5.53,14.12,1.23,36.8500,299.05,273
0552.HK,China Communications Services Corp Ltd,Telecom Services,Communication Services,0.57,7.75,8.60,7.17,2.98,23.93,1.34,4.42,5645522,2173000
PXGYF,Pax Global Technology Ltd,Business Equipment & Supplies,Industrials,0.11,5.30,12.91,19.45,10.54,181,0.32,0.5830,19562,69000
1339.HK,People`s Insurance Co (Group) of China Ltd,Insurance - Property & Casualty,Financial Services,0.93,4.28,16.10,4.74,2.53,19.84,0.95,3.98,34873012,5694170
0598.HK,Sinotrans Ltd,Integrated Freight & Logistics,Industrials,0.58,6.40,10.35,4.90,4.99,7.25,1.33,3.71,8907373,615000
1100.HK,Mainland Headwear Holdings Ltd,Footwear & Accessories,Consumer Cyclical,0.20,8.10,8.03,3.87,4.90,4.92,0.50,1.62,16456,35550
PADEF,Alamtri Resources Indonesia,Thermal Coal,Energy,0.05,3.18,22.72,22.53,15.29,25.52,0.06,0.1592,35753,200
564.SI,Spindex Industries Ltd,Tools & Accessories,Industrials,0.13,7.23,9.83,11.37,7.33,138,1.88,0.940,10319,31000
7091.KL,Unimech Group Bhd,Metal Fabrication,Industrials,0.17,8.71,7.27,7.69,4.51,6.23,1.66,1.48,13776,500
6677.T,SK-Electronics Co Ltd,Electronic Components,Technology,221,9.02,7.24,10.09,5.67,333,7.10,1977.00,56290,6500
AIAGF,Aurubis AG,Metal Fabrication,Industrials,9.92,7.63,9.57,6.53,5.53,14.12,1.23,75.7000,,975
0197.KL,Wegmans Holdings Bhd,Furnishings Fixtures & Appliances,Consumer Cyclical,0.02,7.50,6.76,10.20,4.68,12.45,1.75,0.15,107408,50000
E3B.SI,Wee Hur Holdings Ltd,Engineering & Construction,Industrials,0.21,2.33,31.81,6.14,20.76,6.63,,0.490,7736593,7223400
3339.HK,Lonking Holdings Ltd,Farm & Heavy Construction Machinery,Industrials,0.20,8.45,8.00,13.53,5.20,22.34,,1.69,8548290,2480000
PMTYF,Playmates Toys Ltd,Leisure,Consumer Cyclical,0.02,4.25,20.16,62.73,15.70,155,,0.0850,138659,10000
S19.SI,Singapore Shipping Corp Ltd,Marine Shipping,Industrials,0.04,6.75,9.85,6.37,6.38,7.81,,0.275,106590,76000
PCPPF,PC Partner Group Ltd,,,0.08,7.93,8.37,12.54,4.47,6.94,0.42,0.6345,,11285
ELSA.JK,Elnusa,Oil & Gas Equipment & Services,Energy,88.77,5.07,14.23,8.97,6.51,8.05,0.56,450.00,10119103,16561400
2062.KL,Harbour-Link Group Bhd,Integrated Freight & Logistics,Industrials,0.24,5.83,12.02,19.51,8.26,48.48,0.20,1.40,125079,79300
EXE.PA,Exel Industries S.A.,Farm & Heavy Construction Machinery,Industrials,4.60,9.65,6.96,5.69,3.37,6.03,0.30,44.40,502.76,161
0411.HK,Lam Soon (Hong Kong) Ltd,Packaged Foods,Consumer Defensive,0.85,9.76,7.00,12.21,5.69,750,,8.30,5155.76,3000
0327.HK,Pax Global Technology Ltd,Business Equipment & Supplies,Industrials,0.88,5.44,12.90,19.43,10.53,181,0.32,4.79,975617,179184
7076.KL,CB Industrial Product Holding Bhd,Specialty Industrial Machinery,Industrials,0.12,9.67,6.85,4.84,4.59,5.35,1.82,1.14,151771,25000
6491.KL,Kumpulan Fima Bhd,Conglomerates,Industrials,0.37,6.38,10.73,9.13,5.93,8.68,0.56,2.37,283262,125100
UNIC.JK,Unggul Indah Cahaya,Chemicals,Basic Materials,986,7.96,8.27,9.25,6.98,42.43,0.55,7900.00,1785.71,700
COMCL.BO,Comfort Commotrade Ltd,Capital Markets,Financial Services,26.42,1.52,56.43,48.76,41.44,38.63,,40.19,17770,17440
0934.HK,SINOPEC Kantons Holdings Ltd,Oil & Gas Midstream,Energy,0.50,8.78,8.01,1.38,7.74,95.72,,4.39,2507196,502126
NRCA.JK,Nusa Raya Cipta,Engineering & Construction,Industrials,42.00,8.29,8.49,18.56,4.26,18.75,,348.00,226877,196900
LKHLY,Lonking Holdings Ltd ADR,Farm & Heavy Construction Machinery,Industrials,1.30,8.67,8.01,13.55,5.20,22.34,,11.2750,562.62,200
NDA.DE,Aurubis AG,Metal Fabrication,Industrials,9.53,7.93,9.54,6.51,5.51,14.14,1.19,75.85,141492,114770
5714.T,Dowa Holdings Co Ltd,Other Industrial Metals & Mining,Basic Materials,591,7.81,9.41,5.05,5.51,56.55,0.69,4646.00,196352,51000
LSNG.ME,Rosseti Lenenergo,Utilities - Regulated Electric,Utilities,1.93,7.76,9.34,6.50,6.25,125,0.77,14.95,646170,234368
NDA.VI,Aurubis AG,Metal Fabrication,Industrials,9.53,7.94,9.54,6.51,5.51,14.14,1.20,75.50,74.57,0
MPMX.JK,Mitra Pinasthika Mustika,Auto & Truck Dealerships,Consumer Cyclical,124,7.91,8.95,5.06,6.09,231,,980.00,1537942,863000
BYLOF,Big Yellow Group Plc,REIT - Industrial,Real Estate,1.69,7.13,11.16,4.38,9.29,6.34,2.08,12.0000,6078.29,3000
SPKOY,SINOPEC Kantons Holdings Ltd ADR,Oil & Gas Midstream,Energy,2.56,8.98,8.02,1.38,7.75,95.88,,23.0000,,119
LKFLF,Luk Fook Holdings International Ltd,Luxury Goods,Consumer Cyclical,0.27,7.59,9.80,9.59,7.57,22.52,1.19,2.0500,8986.71,10000
OROVF,Orient Overseas (International) Ltd,Marine Shipping,Industrials,1.62,8.44,9.28,6.17,6.66,27.53,0.18,13.6800,356.1,500
ALMGI.PA,MG International S.A.,Security & Protection Services,Industrials,0.54,8.52,8.32,9.01,4.94,43.62,0.45,4.80,1368.67,23
NPNYY,Nippon Yusen K.K. ADR,Marine Shipping,Industrials,1.07,5.87,14.15,4.34,9.12,10.09,0.11,6.3050,24115,8381
FUJHY,Subaru Corp ADR,Auto Manufacturers,Consumer Cyclical,1.71,5.07,16.07,15.40,8.57,4.65,0.36,8.6700,509040,280087
NXQ.L,Nexteq Plc,Computer Hardware,Technology,12.50,5.52,12.84,17.65,10.28,98.14,3.74,70.00,133344,37827
5126.KL,Sarawak Oil Palms Bhd,Farm Products,Consumer Defensive,0.47,6.47,11.74,12.01,8.29,20.51,0.31,3.05,239814,19000
BIRD.JK,Blue Bird,Railroads,Industrials,211,7.75,9.49,7.02,6.90,9.03,,1635.00,2606791,881000
EXXAF,Exxaro Resources Ltd,Thermal Coal,Energy,2.00,4.22,17.74,8.98,10.02,5.59,0.16,8.4300,1660.31,212
3737.HK,Zhongzhi Pharmaceutical Holdings Ltd,Drug Manufacturers - Specialty & Generic,Healthcare,0.14,7.29,10.29,11.92,5.99,23.19,1.32,1.02,307476,334000
6267.T,General Packer Co Ltd,Specialty Industrial Machinery,Industrials,408,6.92,11.05,9.98,6.41,944,1.40,2820.00,1133.33,1000
CLKXF,TWC Enterprises Ltd,Leisure,Consumer Cyclical,1.41,8.91,9.20,3.36,6.86,4.71,1.65,12.4650,410.43,501
FUJHF,Subaru Corp,Auto Manufacturers,Consumer Cyclical,3.42,4.97,16.07,15.40,8.57,4.65,0.37,17.4285,5591.9,945
SHREYANIND.BO,Shreyans Industries Ltd,Paper & Paper Products,Basic Materials,42.53,4.91,15.63,10.50,10.58,10.96,0.49,209.00,802.19,64
HST.VI,Hutter & Schrantz Stahlbau AG,Steel,Basic Materials,1.85,9.84,7.71,2.40,3.31,8.90,,18.20,157.19,299
BYG.L,Big Yellow Group Plc,REIT - Industrial,Real Estate,136,7.02,10.98,4.31,9.13,6.33,2.12,955.00,521409,1447980
8473.HK,MI Ming Mart Holdings Ltd,Specialty Retail,Consumer Cyclical,0.01,9.20,7.45,9.98,6.39,38.25,,0.092,205232,200000
1397.HK,Baguio Green Group Ltd,Waste Management,Industrials,0.12,5.67,13.64,7.45,5.12,5.87,0.19,0.68,128953,8000
BXP.L,Beximco Pharmaceuticals Ltd Gdr,Drug Manufacturers - Specialty & Generic,Healthcare,8.73,4.41,12.59,10.74,8.47,8.01,0.38,38.00,37512,71741
1263.HK,PC Partner Group Ltd,Computer Hardware,Technology,0.61,8.64,8.36,12.53,4.47,6.94,0.47,5.27,1328537,2036000
PANS.JK,Panin Sekuritas,Capital Markets,Financial Services,202,7.98,9.50,5.08,6.30,15.36,1.70,1615.00,47809,71900
SHREYANIND.NS,Shreyans Industries Ltd,Paper & Paper Products,Basic Materials,42.54,4.79,15.63,10.50,10.58,10.96,0.51,203.61,8323.43,2528
0316.HK,Orient Overseas (International) Ltd,Marine Shipping,Industrials,12.62,8.25,9.27,6.17,6.66,27.53,0.16,104.10,1211453,437900
1982.HK,Nameson Holdings Ltd,Apparel Manufacturing,Consumer Cyclical,0.16,5.25,14.95,11.76,7.90,7.62,,0.84,800756,168000
OROVY,Orient Overseas (International) Ltd ADR,Marine Shipping,Industrials,8.10,8.47,9.28,6.17,6.66,27.53,0.16,68.5900,349.33,1909
FBBPF,ProLogis Property Mexico S.A. de C.V.,REIT - Industrial,Real Estate,0.65,4.98,23.77,2.86,18.80,3.56,0.15,3.1500,9013.43,1575
GUJTLRM.BO,Gujarat Toolroom Ltd,Residential Construction,Consumer Cyclical,13.24,0.85,324,307,64.81,6806,,11.32,9384583,5121490
MAITHANALL.BO,Maithan Alloys Ltd,Steel,Basic Materials,284,3.39,25.40,4.89,21.86,11.04,0.30,974.30,3138,3562
B26.SI,Ban Leong Technologies Ltd,Electronics & Computer Distribution,Technology,0.07,4.57,16.74,14.47,9.04,50.69,0.30,0.320,18957,49800
MAITHANALL.NS,Maithan Alloys Ltd,Steel,Basic Materials,284,3.42,25.40,4.89,21.86,11.04,0.30,971.05,36707,18049
OCCL.NS,Oriental Carbon & Chemicals Ltd,Chemicals,Basic Materials,41.88,4.94,5.69,4.71,4.15,9.18,,207.09,15924,13050
7270.T,Subaru Corp,Auto Manufacturers,Consumer Cyclical,530,5.19,16.26,15.53,8.67,4.69,0.38,2711.50,2575600,869000
WIIM.JK,Wismilak Inti Makmur,Tobacco,Consumer Defensive,125,5.22,14.22,15.77,9.71,54.45,0.10,655.00,1111979,2446100
9101.T,Nippon Yusen K.K.,Marine Shipping,Industrials,829,5.81,14.38,4.43,9.27,10.08,0.12,4860.00,4621243,1618200
TWC.TO,TWC Enterprises Ltd,Leisure,Consumer Cyclical,2.03,8.63,9.20,3.37,6.86,4.18,1.69,17.50,1277.52,201
SFFYF,Signify N.V.,Electrical Equipment & Parts,Industrials,2.68,7.57,11.22,7.03,4.25,3.81,2.39,20.3000,683.81,500
TNK,Teekay Tankers Ltd,Oil & Gas Midstream,Energy,12.18,3.44,26.21,27.64,22.73,36.14,,41.92,511903,353622
TNK.IX,Teekay Tankers Ltd,Oil & Gas Midstream,Energy,12.18,3.44,26.21,27.64,22.73,36.14,,41.92,430789,285115
VANL.L,Van Elle Holdings Plc,Engineering & Construction,Industrials,4.00,9.38,8.22,6.84,4.46,14.47,0.63,37.80,444199,261343
2877.HK,China Shineway Pharmaceutical Group Ltd,Drug Manufacturers - Specialty & Generic,Healthcare,1.56,5.31,15.72,32.76,11.64,175,0.43,8.28,1140459,126000
RUCHIRA.NS,Ruchira Papers Ltd,Paper & Paper Products,Basic Materials,16.51,7.25,11.66,9.46,8.92,20.54,0.91,119.69,24282,12347
1705.HK,B&S International Holdings Ltd,Food Distribution,Consumer Defensive,0.07,4.79,16.26,16.97,9.84,8.49,0.43,0.335,63610,8000
IRI.AX,Integrated Research Ltd,Software - Application,Technology,0.15,2.70,37.10,37.00,27.07,263,,0.42,274339,19219
OCCL.BO,Oriental Carbon & Chemicals Ltd.,Chemicals,Basic Materials,41.89,4.95,5.69,4.71,4.15,9.18,,207.20,2077.1,4932
4659.T,Ajis Co Ltd,Specialty Business Services,Industrials,243,9.37,8.92,20.30,7.46,738,,2327.00,9033.33,11000
2119.HK,Tsit Wing International Holdings Ltd,Beverages - Non-Alcoholic,Consumer Defensive,0.09,6.33,11.24,13.11,8.92,47.42,,0.57,112961,22000
RUCHIRA.BO,Ruchira Papers Ltd,Paper & Paper Products,Basic Materials,16.51,7.32,11.66,9.46,8.92,20.54,0.93,120.85,3626.33,625
0551.HK,Yue Yuen Industrial (Holdings) Ltd,Footwear & Accessories,Consumer Cyclical,2.27,7.28,11.17,9.50,6.41,9.26,6.25,16.52,2171294,623528
ELPQF,El Puerto de Liverpool S.A.B. de C.V. Series C1,Department Stores,Consumer Cyclical,0.81,6.09,14.88,11.47,8.67,7.69,0.42,4.9335,2378,1200
1666.HK,Tong Ren Tang Technologies Co Ltd,Drug Manufacturers - General,Healthcare,0.54,9.04,9.39,13.16,4.75,19.84,2.13,4.88,916763,411000
MFE2.VI,MFE-MediaForEurope N.V. Cl B,Broadcasting,Communication Services,0.42,9.95,8.28,5.56,4.64,10.72,,4.23,0,0
2663.HK,KPa-BM Holdings Ltd,Engineering & Construction,Industrials,0.08,5.12,16.96,18.35,9.41,18.35,0.92,0.41,212379,230000
CICOY,COSCO SHIPPING Holdings Co Ltd ADR,Marine Shipping,Industrials,1.72,4.23,19.92,12.02,8.56,14.31,0.08,7.5250,2011.57,1057
1919.HK,COSCO SHIPPING Holdings Co Ltd,Marine Shipping,Industrials,2.67,4.38,19.87,11.99,8.54,14.29,0.08,11.70,24588202,6499900
CICOF,COSCO SHIPPING Holdings Co Ltd,Marine Shipping,Industrials,0.34,4.44,19.92,12.02,8.56,14.31,0.08,1.5100,44380,100
5159.KL,Yoong Onn Corp Bhd,Textile Manufacturing,Consumer Cyclical,0.19,9.11,9.65,13.04,8.21,24.89,0.60,1.73,19900,16100
1716.T,Dai-Ichi Cutter Kogyo K.K.,Engineering & Construction,Industrials,174,7.78,11.44,15.68,9.30,1697,0.91,1337.00,12210,2500
2683.HK,Wah Sun Handbags International Holdings Ltd,Footwear & Accessories,Consumer Cyclical,0.09,6.11,13.01,18.14,8.59,9.67,,0.55,524577,320000
5542.T,Shinhokoku Material Corp,Steel,Basic Materials,81.63,8.40,10.53,11.98,6.97,106,,692.00,7480.95,3000
0012.KL,Three-A Resources Bhd,Packaged Foods,Consumer Defensive,0.09,8.89,9.49,9.53,8.48,253,0.88,0.82,219277,2500
EPMT.JK,Enseval Putera Megatrading,Medical Distribution,Healthcare,271,8.45,10.10,10.18,6.49,66.53,2.01,2310.00,19929,800
0150.HK,Hypebeast Ltd,Internet Content & Information,Communication Services,0.03,6.40,11.28,13.31,8.52,20.11,,0.192,1502127,36400
ILU.AX,Iluka Resources Ltd,Other Industrial Metals & Mining,Basic Materials,0.63,7.11,12.65,9.30,8.28,36.72,0.41,4.45,2225528,1038574
ILKAY,Iluka Resources Ltd ADR,Other Industrial Metals & Mining,Basic Materials,1.97,7.11,12.63,9.28,8.26,36.74,0.44,14.0000,474,585
ILKAF,Iluka Resources Ltd,Other Industrial Metals & Mining,Basic Materials,0.39,7.21,12.63,9.28,8.26,36.74,0.44,2.8100,946,1000
SQZ.L,Serica Energy Plc,Oil & Gas E&P,Energy,20.10,7.03,13.16,10.75,6.86,11.99,0.14,140.50,1301857,1623421
0868.HK,Xinyi Glass Holdings Ltd,Building Materials,Basic Materials,1.42,5.06,17.30,11.15,11.62,16.39,0.69,7.19,9228722,1957276
3934.T,Benefit Japan Co Ltd,Telecom Services,Communication Services,108,9.22,10.21,8.37,6.58,116,2.25,1045.00,2400,4700
XNYIF,Xinyi Solar Holdings Ltd,Solar,Technology,0.07,5.58,15.39,11.94,8.12,15.25,0.39,0.3905,1668.9,100
XYIGF,Xinyi Glass Holdings Ltd,Building Materials,Basic Materials,0.18,5.17,17.32,11.16,11.64,16.39,0.70,0.9300,1915.19,839
YUEIY,Yue Yuen Industrial (Holdings) Ltd ADR,Footwear & Accessories,Consumer Cyclical,1.46,7.24,11.18,9.51,6.42,9.26,6.59,10.5600,3958.52,2448
ANDHRAPAP.NS,Andhra Paper Ltd,Paper & Paper Products,Basic Materials,9.57,8.92,10.21,9.23,7.81,22.50,0.63,85.35,148092,93289
ANDHRAPAP.BO,Andhra Paper Ltd,Paper & Paper Products,Basic Materials,9.57,9.09,10.21,9.23,7.81,22.50,0.64,87.00,13767,14236
600741.SS,Huayu Automotive Systems Co Ltd,Auto Parts,Consumer Cyclical,2.20,7.64,11.98,7.24,3.94,28.25,19.05,16.80,13380669,9561978
6198.HK,Qingdao Port International Co Ltd,Marine Shipping,Industrials,0.85,7.11,12.83,9.20,8.40,61.24,1.06,6.04,4851418,779000
XYIGY,Xinyi Glass Holdings Ltd ADR,Building Materials,Basic Materials,3.63,5.08,17.32,11.16,11.64,16.39,0.73,18.6800,1923.57,818
CGS.L,Castings Plc,Specialty Industrial Machinery,Industrials,28.00,9.30,9.35,9.76,7.21,369,1.68,260.50,12655,14473
G14.DE,Signify N.V.,Electrical Equipment & Parts,Industrials,2.57,8.21,11.25,7.05,4.26,3.82,2.17,20.90,249.57,556
PTAIY,Astra International ADR,Conglomerates,Industrials,1.03,5.65,16.98,9.61,7.45,10.94,0.54,5.9860,73488,32059
0968.HK,Xinyi Solar Holdings Ltd,Solar,Technology,0.53,6.02,15.38,11.93,8.11,15.25,0.40,3.19,48275668,10037017
LGHT.VI,Signify N.V.,Electrical Equipment & Parts,Industrials,2.57,8.26,11.25,7.05,4.26,3.82,2.39,21.06,27.43,0
0811.HK,Xinhua Winshare Publishing & Media Co Ltd,Publishing,Communication Services,1.33,8.15,11.41,15.37,6.80,110,0.71,10.84,1167116,37000
KKGI.JK,Resource Alam Indonesia,Thermal Coal,Energy,130,3.50,24.62,33.48,17.80,95.66,,454.00,2859429,6269100
SQZZF,Serica Energy Plc,Oil & Gas E&P,Energy,0.25,7.68,13.20,10.78,6.88,11.99,0.14,1.9200,2968,2000
PHPPY,Signify N.V. ADR,Electrical Equipment & Parts,Industrials,1.34,8.80,11.22,7.03,4.25,3.81,2.39,10.8800,1140.71,142
XISHY,Xinyi Solar Holdings Ltd ADR,Solar,Technology,1.37,5.96,15.39,11.94,8.12,15.25,0.40,8.1800,4711.67,7540
CAML.L,Central Asia Metals Plc,Copper,Basic Materials,17.02,8.85,10.60,10.36,8.81,32.28,,150.60,377246,288882
TOTO.JK,Surya Toto Indonesia,Building Products & Equipment,Industrials,24.94,8.74,10.75,8.41,7.72,15.00,1.10,218.00,368440,680200
MNSAF,Mineros S.A.,Gold,Basic Materials,0.29,4.45,24.59,23.12,16.64,16.47,0.24,1.2900,5135.33,30777
BHU.SI,SUTL Enterprise Ltd,Leisure,Consumer Cyclical,0.09,7.72,12.19,9.87,6.36,12.67,1.05,0.695,46924,141000
MISHTANN.BO,Mishtann Foods Ltd,Farm Products,Consumer Defensive,3.44,1.78,66.74,58.75,57.85,127,0.02,6.11,2436530,2811811
1979.HK,Ten Pao Group Holdings Ltd,Electrical Equipment & Parts,Industrials,0.36,4.28,22.89,16.10,9.04,57.43,0.22,1.54,258945,2272400
F9D.SI,Boustead Singapore Ltd,Conglomerates,Industrials,0.15,6.73,14.60,11.12,6.47,56.78,1.81,1.010,62510,43400
000581.SZ,Weifu High-Technology Group Co Ltd A,Auto Parts,Consumer Cyclical,1.83,9.92,9.23,3.71,6.42,22.74,,18.15,7964720,4794300
2111.HK,Best Pacific International Holdings Ltd,Textile Manufacturing,Consumer Cyclical,0.47,6.32,15.27,12.90,8.30,6.22,1.01,2.97,164572,32000
SHUR.BR,Shurgard Self Storage Ltd,REIT - Specialty,Real Estate,4.29,8.38,11.58,3.25,7.67,8.95,0.96,35.80,45469,77194
PWON.JK,Pakuwon Jati,Real Estate - Diversified,Real Estate,47.36,8.32,11.78,11.35,6.83,8.17,,394.00,27343302,28944800
